{
  "project_info": {
    "project_number": "872980494406",
    "project_id": "siteworxflutterwithfirebase",
    "storage_bucket": "siteworxflutterwithfirebase.appspot.com"
  },
  "client": [
    {
      "client_info": {
        "mobilesdk_app_id": "1:872980494406:android:583e99fe29b895ddb1f247",
        "android_client_info": {
          "package_name": "com.siteworx.create_flutter_provider_app"
        }
      },
      "oauth_client": [
        {
          "client_id": "872980494406-4eet2b8d19prmooeamd695gulqv0rsj2.apps.googleusercontent.com",
          "client_type": 3
        }
      ],
      "api_key": [
        {
          "current_key": "AIzaSyBgVIJpupWCu5rllg5hsgv4orViXSh0QXQ"
        }
      ],
      "services": {
        "appinvite_service": {
          "other_platform_oauth_client": [
            {
              "client_id": "872980494406-4eet2b8d19prmooeamd695gulqv0rsj2.apps.googleusercontent.com",
              "client_type": 3
            }
          ]
        }
      }
    }
  ],
  "configuration_version": "1"
}